,mean_fit_time,std_fit_time,mean_score_time,std_score_time,param_RmRedundant__redundant,param_clipper__factor,param_lightgbm__bagging_fraction,param_lightgbm__learning_rate,param_lightgbm__min_data_in_leaf,param_lightgbm__n_estimators,param_lightgbm__num_leaves,param_poly__polynom__degree,param_poly__quad__degree,params,split0_test_RMSE,split1_test_RMSE,split2_test_RMSE,mean_test_RMSE,std_test_RMSE,rank_test_RMSE,split0_test_MAPE,split1_test_MAPE,split2_test_MAPE,mean_test_MAPE,std_test_MAPE,rank_test_MAPE,split0_test_MAE,split1_test_MAE,split2_test_MAE,mean_test_MAE,std_test_MAE,rank_test_MAE
0,0.10024507840474446,0.008876008002294905,0.01788926124572754,0.0026750210344889743,1,1.5,0.7,0.1,,100,10,1,1,"{'RmRedundant__redundant': 1, 'clipper__factor': 1.5, 'lightgbm__bagging_fraction': 0.7, 'lightgbm__learning_rate': 0.1, 'lightgbm__min_data_in_leaf': None, 'lightgbm__n_estimators': 100, 'lightgbm__num_leaves': 10, 'poly__polynom__degree': 1, 'poly__quad__degree': 1}",-18.866218461809606,-11.058821494953676,-25.009795140512583,-18.311611699091955,5.7089466577007535,5,-637651588453431.5,-880827741788468.8,-708803468601664.0,-742427599614521.4,102083616143772.83,35,-11.309650466085033,-6.012227966800511,-11.649410555001166,-9.65709632929557,2.581040909457931,5
1,0.17714897791544595,0.0716065707655771,0.015366156895955404,0.0009569646249292102,1,1.5,0.7,0.1,,100,10,1,2,"{'RmRedundant__redundant': 1, 'clipper__factor': 1.5, 'lightgbm__bagging_fraction': 0.7, 'lightgbm__learning_rate': 0.1, 'lightgbm__min_data_in_leaf': None, 'lightgbm__n_estimators': 100, 'lightgbm__num_leaves': 10, 'poly__polynom__degree': 1, 'poly__quad__degree': 2}",-19.399935772376047,-11.158902878985312,-25.146300736725845,-18.568379796029067,5.7405248722876605,21,-532891273811984.44,-868934064704070.6,-811306517170499.8,-737710618562184.9,146727540124794.12,29,-11.703571137509913,-6.113769649858497,-11.763194762286705,-9.860178516551704,2.649222941604575,21
2,0.07783722877502441,0.01702520286648665,0.013569037119547525,0.00040566122332912687,1,1.5,0.7,0.1,,100,10,3,1,"{'RmRedundant__redundant': 1, 'clipper__factor': 1.5, 'lightgbm__bagging_fraction': 0.7, 'lightgbm__learning_rate': 0.1, 'lightgbm__min_data_in_leaf': None, 'lightgbm__n_estimators': 100, 'lightgbm__num_leaves': 10, 'poly__polynom__degree': 3, 'poly__quad__degree': 1}",-18.866218461809606,-11.058821494953676,-25.009795140512583,-18.311611699091955,5.7089466577007535,5,-637651588453431.5,-880827741788468.8,-708803468601664.0,-742427599614521.4,102083616143772.83,35,-11.309650466085033,-6.012227966800511,-11.649410555001166,-9.65709632929557,2.581040909457931,5
3,0.11441961924235027,0.029471639715092042,0.014843384424845377,0.0008454544092935285,1,1.5,0.7,0.1,,100,10,3,2,"{'RmRedundant__redundant': 1, 'clipper__factor': 1.5, 'lightgbm__bagging_fraction': 0.7, 'lightgbm__learning_rate': 0.1, 'lightgbm__min_data_in_leaf': None, 'lightgbm__n_estimators': 100, 'lightgbm__num_leaves': 10, 'poly__polynom__degree': 3, 'poly__quad__degree': 2}",-19.399935772376047,-11.158902878985312,-25.146300736725845,-18.568379796029067,5.7405248722876605,21,-532891273811984.44,-868934064704070.6,-811306517170499.8,-737710618562184.9,146727540124794.12,29,-11.703571137509913,-6.113769649858497,-11.763194762286705,-9.860178516551704,2.649222941604575,21
4,0.10104131698608398,0.027251996496212093,0.014899969100952148,0.0001889118855405358,1,1.5,0.7,0.1,,100,15,1,1,"{'RmRedundant__redundant': 1, 'clipper__factor': 1.5, 'lightgbm__bagging_fraction': 0.7, 'lightgbm__learning_rate': 0.1, 'lightgbm__min_data_in_leaf': None, 'lightgbm__n_estimators': 100, 'lightgbm__num_leaves': 15, 'poly__polynom__degree': 1, 'poly__quad__degree': 1}",-18.871886054557446,-11.260217475850922,-25.025566506976123,-18.3858900124615,5.630177771135033,11,-576395460754292.6,-889190191425489.6,-718231095335110.5,-727938915838297.6,127882282374868.08,27,-11.25258045676994,-6.053556089857817,-11.618721109159287,-9.64161921859568,2.5415431672101807,1
5,0.12433910369873047,0.03012511543527315,0.01576066017150879,0.0004022224361261096,1,1.5,0.7,0.1,,100,15,1,2,"{'RmRedundant__redundant': 1, 'clipper__factor': 1.5, 'lightgbm__bagging_fraction': 0.7, 'lightgbm__learning_rate': 0.1, 'lightgbm__min_data_in_leaf': None, 'lightgbm__n_estimators': 100, 'lightgbm__num_leaves': 15, 'poly__polynom__degree': 1, 'poly__quad__degree': 2}",-19.42622490335732,-11.308395178929308,-25.070871359399266,-18.60183048056196,5.648666938771354,23,-493530483885773.94,-847735892294166.6,-734401191203169.1,-691889189127703.1,147695228035725.38,11,-11.51621703105836,-6.169256508842027,-11.706068596589194,-9.797180712163193,2.566500395871944,17
6,0.10958131154378255,0.03986403507622697,0.0143890380859375,0.0009212603932007202,1,1.5,0.7,0.1,,100,15,3,1,"{'RmRedundant__redundant': 1, 'clipper__factor': 1.5, 'lightgbm__bagging_fraction': 0.7, 'lightgbm__learning_rate': 0.1, 'lightgbm__min_data_in_leaf': None, 'lightgbm__n_estimators': 100, 'lightgbm__num_leaves': 15, 'poly__polynom__degree': 3, 'poly__quad__degree': 1}",-18.871886054557446,-11.260217475850922,-25.025566506976123,-18.3858900124615,5.630177771135033,11,-576395460754292.6,-889190191425489.6,-718231095335110.5,-727938915838297.6,127882282374868.08,27,-11.25258045676994,-6.053556089857817,-11.618721109159287,-9.64161921859568,2.5415431672101807,1
7,0.39890392621358234,0.0425420150502136,0.04406857490539551,0.029963588289374746,1,1.5,0.7,0.1,,100,15,3,2,"{'RmRedundant__redundant': 1, 'clipper__factor': 1.5, 'lightgbm__bagging_fraction': 0.7, 'lightgbm__learning_rate': 0.1, 'lightgbm__min_data_in_leaf': None, 'lightgbm__n_estimators': 100, 'lightgbm__num_leaves': 15, 'poly__polynom__degree': 3, 'poly__quad__degree': 2}",-19.42622490335732,-11.308395178929308,-25.070871359399266,-18.60183048056196,5.648666938771354,23,-493530483885773.94,-847735892294166.6,-734401191203169.1,-691889189127703.1,147695228035725.38,11,-11.51621703105836,-6.169256508842027,-11.706068596589194,-9.797180712163193,2.566500395871944,17
8,0.3151869773864746,0.06904548151177316,0.024620691935221355,0.002181832359752237,1,1.5,0.7,0.1,,100,100,1,1,"{'RmRedundant__redundant': 1, 'clipper__factor': 1.5, 'lightgbm__bagging_fraction': 0.7, 'lightgbm__learning_rate': 0.1, 'lightgbm__min_data_in_leaf': None, 'lightgbm__n_estimators': 100, 'lightgbm__num_leaves': 100, 'poly__polynom__degree': 1, 'poly__quad__degree': 1}",-19.621029553784904,-11.392994529837722,-25.52217302771622,-18.84539903711295,5.794228351271785,33,-519981616140352.94,-709472497437376.6,-668480927025961.5,-632645013534563.6,81403759313285.17,5,-11.752578846640587,-6.162851557242455,-11.92061469467017,-9.945348366184405,2.6755087483564415,29
9,0.2579490343729655,0.022575788111693224,0.020556211471557617,0.0016581714107760626,1,1.5,0.7,0.1,,100,100,1,2,"{'RmRedundant__redundant': 1, 'clipper__factor': 1.5, 'lightgbm__bagging_fraction': 0.7, 'lightgbm__learning_rate': 0.1, 'lightgbm__min_data_in_leaf': None, 'lightgbm__n_estimators': 100, 'lightgbm__num_leaves': 100, 'poly__polynom__degree': 1, 'poly__quad__degree': 2}",-20.16787956031313,-11.807588571238322,-25.064811475879612,-19.013426535810353,5.473454797180913,35,-600652928272423.8,-857461139435021.2,-677597994467425.1,-711904020724956.6,107611312628119.02,25,-12.257485179187075,-6.374219721155726,-11.765470688327039,-10.132391862889946,2.665009437129563,41
10,0.1930841604868571,0.02444316618518181,0.020241260528564453,0.0013348106836635735,1,1.5,0.7,0.1,,100,100,3,1,"{'RmRedundant__redundant': 1, 'clipper__factor': 1.5, 'lightgbm__bagging_fraction': 0.7, 'lightgbm__learning_rate': 0.1, 'lightgbm__min_data_in_leaf': None, 'lightgbm__n_estimators': 100, 'lightgbm__num_leaves': 100, 'poly__polynom__degree': 3, 'poly__quad__degree': 1}",-19.621029553784904,-11.392994529837722,-25.52217302771622,-18.84539903711295,5.794228351271785,33,-519981616140352.94,-709472497437376.6,-668480927025961.5,-632645013534563.6,81403759313285.17,5,-11.752578846640587,-6.162851557242455,-11.92061469467017,-9.945348366184405,2.6755087483564415,29
11,0.2345916430155436,0.040609798402792635,0.019576311111450195,0.0017693250779816942,1,1.5,0.7,0.1,,100,100,3,2,"{'RmRedundant__redundant': 1, 'clipper__factor': 1.5, 'lightgbm__bagging_fraction': 0.7, 'lightgbm__learning_rate': 0.1, 'lightgbm__min_data_in_leaf': None, 'lightgbm__n_estimators': 100, 'lightgbm__num_leaves': 100, 'poly__polynom__degree': 3, 'poly__quad__degree': 2}",-20.16787956031313,-11.807588571238322,-25.064811475879612,-19.013426535810353,5.473454797180913,35,-600652928272423.8,-857461139435021.2,-677597994467425.1,-711904020724956.6,107611312628119.02,25,-12.257485179187075,-6.374219721155726,-11.765470688327039,-10.132391862889946,2.665009437129563,41
12,0.12489906946818034,0.030987973667026804,0.017864545186360676,0.0019914324565798998,1,1.5,0.7,0.1,,200,10,1,1,"{'RmRedundant__redundant': 1, 'clipper__factor': 1.5, 'lightgbm__bagging_fraction': 0.7, 'lightgbm__learning_rate': 0.1, 'lightgbm__min_data_in_leaf': None, 'lightgbm__n_estimators': 200, 'lightgbm__num_leaves': 10, 'poly__polynom__degree': 1, 'poly__quad__degree': 1}",-19.231459566761185,-11.075150582958255,-24.81154922685708,-18.37271979219217,5.640640473465549,9,-752682273078536.8,-815295670340219.6,-675541334927537.5,-747839759448764.6,57157128574664.016,37,-11.727703776170259,-5.989520302904184,-11.513620489260024,-9.743614856111488,2.6559841050288857,9
13,0.1368993123372396,0.01664912623259841,0.01539301872253418,0.00010451022506376643,1,1.5,0.7,0.1,,200,10,1,2,"{'RmRedundant__redundant': 1, 'clipper__factor': 1.5, 'lightgbm__bagging_fraction': 0.7, 'lightgbm__learning_rate': 0.1, 'lightgbm__min_data_in_leaf': None, 'lightgbm__n_estimators': 200, 'lightgbm__num_leaves': 10, 'poly__polynom__degree': 1, 'poly__quad__degree': 2}",-19.706875573396985,-11.091528999677605,-25.031609824374595,-18.61000479914973,5.743622983873477,29,-610571600483847.4,-745709330057236.4,-770103274825655.5,-708794735122246.4,70164588737177.91,21,-11.969023718458104,-6.049057531440642,-11.637414749815058,-9.885165333237934,2.715914017696273,23
14,0.10763271649678548,0.030090497720783146,0.015744686126708984,0.0009839302423351691,1,1.5,0.7,0.1,,200,10,3,1,"{'RmRedundant__redundant': 1, 'clipper__factor': 1.5, 'lightgbm__bagging_fraction': 0.7, 'lightgbm__learning_rate': 0.1, 'lightgbm__min_data_in_leaf': None, 'lightgbm__n_estimators': 200, 'lightgbm__num_leaves': 10, 'poly__polynom__degree': 3, 'poly__quad__degree': 1}",-19.231459566761185,-11.075150582958255,-24.81154922685708,-18.37271979219217,5.640640473465549,9,-752682273078536.8,-815295670340219.6,-675541334927537.5,-747839759448764.6,57157128574664.016,37,-11.727703776170259,-5.989520302904184,-11.513620489260024,-9.743614856111488,2.6559841050288857,9
15,0.18109718958536783,0.040027730095198756,0.019357045491536457,0.0013489345125953262,1,1.5,0.7,0.1,,200,10,3,2,"{'RmRedundant__redundant': 1, 'clipper__factor': 1.5, 'lightgbm__bagging_fraction': 0.7, 'lightgbm__learning_rate': 0.1, 'lightgbm__min_data_in_leaf': None, 'lightgbm__n_estimators': 200, 'lightgbm__num_leaves': 10, 'poly__polynom__degree': 3, 'poly__quad__degree': 2}",-19.706875573396985,-11.091528999677605,-25.031609824374595,-18.61000479914973,5.743622983873477,29,-610571600483847.4,-745709330057236.4,-770103274825655.5,-708794735122246.4,70164588737177.91,21,-11.969023718458104,-6.049057531440642,-11.637414749815058,-9.885165333237934,2.715914017696273,23
16,0.14228502909342447,0.019412912859453683,0.024193763732910156,0.002796187956166819,1,1.5,0.7,0.1,,200,15,1,1,"{'RmRedundant__redundant': 1, 'clipper__factor': 1.5, 'lightgbm__bagging_fraction': 0.7, 'lightgbm__learning_rate': 0.1, 'lightgbm__min_data_in_leaf': None, 'lightgbm__n_estimators': 200, 'lightgbm__num_leaves': 15, 'poly__polynom__degree': 1, 'poly__quad__degree': 1}",-19.1935354971906,-11.210878111749487,-25.264595231178394,-18.556336280039492,5.755070711988734,19,-708423896677807.0,-785530826986765.9,-629108206496417.8,-707687643386996.9,63861389492911.6,19,-11.62726161918621,-6.003825904186344,-11.633345252453552,-9.75481092527537,2.6523481073662643,13
17,0.2561343510945638,0.07536950328703187,0.02504706382751465,0.002344059019945299,1,1.5,0.7,0.1,,200,15,1,2,"{'RmRedundant__redundant': 1, 'clipper__factor': 1.5, 'lightgbm__bagging_fraction': 0.7, 'lightgbm__learning_rate': 0.1, 'lightgbm__min_data_in_leaf': None, 'lightgbm__n_estimators': 200, 'lightgbm__num_leaves': 15, 'poly__polynom__degree': 1, 'poly__quad__degree': 2}",-19.842544880405647,-11.456284208536477,-24.60088468959624,-18.633237926179454,5.433964049312068,31,-674172642460018.5,-721013644552507.1,-695392588820387.0,-696859625277637.5,19150874936188.645,17,-12.071356119996086,-6.220772729319476,-11.555616842918523,-9.949248564078028,2.644824605181975,31
18,0.1356527010599772,0.03096800295057742,0.018988688786824543,0.0029600431217128515,1,1.5,0.7,0.1,,200,15,3,1,"{'RmRedundant__redundant': 1, 'clipper__factor': 1.5, 'lightgbm__bagging_fraction': 0.7, 'lightgbm__learning_rate': 0.1, 'lightgbm__min_data_in_leaf': None, 'lightgbm__n_estimators': 200, 'lightgbm__num_leaves': 15, 'poly__polynom__degree': 3, 'poly__quad__degree': 1}",-19.1935354971906,-11.210878111749487,-25.264595231178394,-18.556336280039492,5.755070711988734,19,-708423896677807.0,-785530826986765.9,-629108206496417.8,-707687643386996.9,63861389492911.6,19,-11.62726161918621,-6.003825904186344,-11.633345252453552,-9.75481092527537,2.6523481073662643,13
19,0.18249996503194174,0.053483409549686126,0.022302707036336262,0.00010094511122045285,1,1.5,0.7,0.1,,200,15,3,2,"{'RmRedundant__redundant': 1, 'clipper__factor': 1.5, 'lightgbm__bagging_fraction': 0.7, 'lightgbm__learning_rate': 0.1, 'lightgbm__min_data_in_leaf': None, 'lightgbm__n_estimators': 200, 'lightgbm__num_leaves': 15, 'poly__polynom__degree': 3, 'poly__quad__degree': 2}",-19.842544880405647,-11.456284208536477,-24.60088468959624,-18.633237926179454,5.433964049312068,31,-674172642460018.5,-721013644552507.1,-695392588820387.0,-696859625277637.5,19150874936188.645,17,-12.071356119996086,-6.220772729319476,-11.555616842918523,-9.949248564078028,2.644824605181975,31
20,0.6218016942342123,0.11479956068670029,0.03807377815246582,0.0024511808513129544,1,1.5,0.7,0.1,,200,100,1,1,"{'RmRedundant__redundant': 1, 'clipper__factor': 1.5, 'lightgbm__bagging_fraction': 0.7, 'lightgbm__learning_rate': 0.1, 'lightgbm__min_data_in_leaf': None, 'lightgbm__n_estimators': 200, 'lightgbm__num_leaves': 100, 'poly__polynom__degree': 1, 'poly__quad__degree': 1}",-19.8300695681574,-11.52987518748571,-25.772332630285447,-19.044092461976184,5.840959881792898,37,-559462209448645.3,-730292355217175.2,-661543238014566.8,-650432600893462.4,70182235970611.74,7,-11.944161252378711,-6.258169559057505,-12.082906131996516,-10.095078981144244,2.7136958771361415,39
21,0.4633822441101074,0.05840822149917764,0.036127726236979164,0.0043472229842188405,1,1.5,0.7,0.1,,200,100,1,2,"{'RmRedundant__redundant': 1, 'clipper__factor': 1.5, 'lightgbm__bagging_fraction': 0.7, 'lightgbm__learning_rate': 0.1, 'lightgbm__min_data_in_leaf': None, 'lightgbm__n_estimators': 200, 'lightgbm__num_leaves': 100, 'poly__polynom__degree': 1, 'poly__quad__degree': 2}",-20.361482534632103,-11.898985575375322,-25.073584622385297,-19.111350910797572,5.4506658198824605,39,-703025304128140.9,-925891281273867.2,-694581198127191.2,-774499261176399.6,107105815414579.03,41,-12.541702511023535,-6.478830422106711,-11.83301212274971,-10.284515018626651,2.7065336937061253,47
22,0.3809879620869954,0.07488173754746227,0.034816344579060875,0.0025369332223732217,1,1.5,0.7,0.1,,200,100,3,1,"{'RmRedundant__redundant': 1, 'clipper__factor': 1.5, 'lightgbm__bagging_fraction': 0.7, 'lightgbm__learning_rate': 0.1, 'lightgbm__min_data_in_leaf': None, 'lightgbm__n_estimators': 200, 'lightgbm__num_leaves': 100, 'poly__polynom__degree': 3, 'poly__quad__degree': 1}",-19.8300695681574,-11.52987518748571,-25.772332630285447,-19.044092461976184,5.840959881792898,37,-559462209448645.3,-730292355217175.2,-661543238014566.8,-650432600893462.4,70182235970611.74,7,-11.944161252378711,-6.258169559057505,-12.082906131996516,-10.095078981144244,2.7136958771361415,39
23,0.47307538986206055,0.06514455549697902,0.037050724029541016,0.005192200820261911,1,1.5,0.7,0.1,,200,100,3,2,"{'RmRedundant__redundant': 1, 'clipper__factor': 1.5, 'lightgbm__bagging_fraction': 0.7, 'lightgbm__learning_rate': 0.1, 'lightgbm__min_data_in_leaf': None, 'lightgbm__n_estimators': 200, 'lightgbm__num_leaves': 100, 'poly__polynom__degree': 3, 'poly__quad__degree': 2}",-20.361482534632103,-11.898985575375322,-25.073584622385297,-19.111350910797572,5.4506658198824605,39,-703025304128140.9,-925891281273867.2,-694581198127191.2,-774499261176399.6,107105815414579.03,41,-12.541702511023535,-6.478830422106711,-11.83301212274971,-10.284515018626651,2.7065336937061253,47
24,0.07508293787638347,0.015589743130435483,0.01330097516377767,0.0006868710945725995,1,1.5,0.7,0.1,10,100,10,1,1,"{'RmRedundant__redundant': 1, 'clipper__factor': 1.5, 'lightgbm__bagging_fraction': 0.7, 'lightgbm__learning_rate': 0.1, 'lightgbm__min_data_in_leaf': 10, 'lightgbm__n_estimators': 100, 'lightgbm__num_leaves': 10, 'poly__polynom__degree': 1, 'poly__quad__degree': 1}",-18.843748357680163,-11.0430618234274,-25.780960353520644,-18.555923511542733,6.020163100081352,17,-817001457007530.6,-881476677394002.1,-732389719359861.1,-810289284587131.4,61049270855156.03,49,-11.463145674609432,-5.990496192282135,-11.860246296200959,-9.771296054364175,2.67834002369089,15
25,0.16303237279256186,0.09595311985787047,0.016561031341552734,0.0022170383553501588,1,1.5,0.7,0.1,10,100,10,1,2,"{'RmRedundant__redundant': 1, 'clipper__factor': 1.5, 'lightgbm__bagging_fraction': 0.7, 'lightgbm__learning_rate': 0.1, 'lightgbm__min_data_in_leaf': 10, 'lightgbm__n_estimators': 100, 'lightgbm__num_leaves': 10, 'poly__polynom__degree': 1, 'poly__quad__degree': 2}",-19.524296067341854,-11.190349775661844,-24.910267091772276,-18.541637644925327,5.644067444174537,15,-477014202136744.3,-928624545180693.1,-812163726750345.2,-739267491355927.6,191439061386954.22,31,-11.84765290000304,-6.200197159642092,-11.671579833038248,-9.90647663089446,2.6217209450406993,25
26,0.1932682196299235,0.13148508395857103,0.019265095392862957,0.006438488704624738,1,1.5,0.7,0.1,10,100,10,3,1,"{'RmRedundant__redundant': 1, 'clipper__factor': 1.5, 'lightgbm__bagging_fraction': 0.7, 'lightgbm__learning_rate': 0.1, 'lightgbm__min_data_in_leaf': 10, 'lightgbm__n_estimators': 100, 'lightgbm__num_leaves': 10, 'poly__polynom__degree': 3, 'poly__quad__degree': 1}",-18.843748357680163,-11.0430618234274,-25.780960353520644,-18.555923511542733,6.020163100081352,17,-817001457007530.6,-881476677394002.1,-732389719359861.1,-810289284587131.4,61049270855156.03,49,-11.463145674609432,-5.990496192282135,-11.860246296200959,-9.771296054364175,2.67834002369089,15
27,0.1424111525217692,0.07461235214748753,0.01508768399556478,0.001819034183860611,1,1.5,0.7,0.1,10,100,10,3,2,"{'RmRedundant__redundant': 1, 'clipper__factor': 1.5, 'lightgbm__bagging_fraction': 0.7, 'lightgbm__learning_rate': 0.1, 'lightgbm__min_data_in_leaf': 10, 'lightgbm__n_estimators': 100, 'lightgbm__num_leaves': 10, 'poly__polynom__degree': 3, 'poly__quad__degree': 2}",-19.524296067341854,-11.190349775661844,-24.910267091772276,-18.541637644925327,5.644067444174537,15,-477014202136744.3,-928624545180693.1,-812163726750345.2,-739267491355927.6,191439061386954.22,31,-11.84765290000304,-6.200197159642092,-11.671579833038248,-9.90647663089446,2.6217209450406993,25
28,0.08090742429097493,0.007464920882536764,0.013873895009358725,0.0010295664284041188,1,1.5,0.7,0.1,10,100,15,1,1,"{'RmRedundant__redundant': 1, 'clipper__factor': 1.5, 'lightgbm__bagging_fraction': 0.7, 'lightgbm__learning_rate': 0.1, 'lightgbm__min_data_in_leaf': 10, 'lightgbm__n_estimators': 100, 'lightgbm__num_leaves': 15, 'poly__polynom__degree': 1, 'poly__quad__degree': 1}",-18.705954454484825,-11.084942699908447,-24.987830226680884,-18.259575793691386,5.6845997119193274,1,-754134884908525.4,-852026337515097.6,-746392328972544.9,-784184517132056.0,48075435430644.56,45,-11.34106143162023,-6.029231742907056,-11.591747439547811,-9.654013538025032,2.565150179529026,3
29,0.10996770858764648,0.01818438105208492,0.014647404352823893,0.0006034463045469941,1,1.5,0.7,0.1,10,100,15,1,2,"{'RmRedundant__redundant': 1, 'clipper__factor': 1.5, 'lightgbm__bagging_fraction': 0.7, 'lightgbm__learning_rate': 0.1, 'lightgbm__min_data_in_leaf': 10, 'lightgbm__n_estimators': 100, 'lightgbm__num_leaves': 15, 'poly__polynom__degree': 1, 'poly__quad__degree': 2}",-19.50944397332138,-11.166018257898816,-24.66987888262927,-18.448447037949823,5.5637426741170835,13,-663110300855279.9,-839639269446579.6,-768230499052237.1,-756993356451365.5,72504364090957.84,39,-11.865206604620822,-6.083477731151078,-11.60059643814709,-9.849760257972997,2.665353971355823,19
30,0.08236098289489746,0.011615289943195939,0.012421369552612305,0.000406248235196603,1,1.5,0.7,0.1,10,100,15,3,1,"{'RmRedundant__redundant': 1, 'clipper__factor': 1.5, 'lightgbm__bagging_fraction': 0.7, 'lightgbm__learning_rate': 0.1, 'lightgbm__min_data_in_leaf': 10, 'lightgbm__n_estimators': 100, 'lightgbm__num_leaves': 15, 'poly__polynom__degree': 3, 'poly__quad__degree': 1}",-18.705954454484825,-11.084942699908447,-24.987830226680884,-18.259575793691386,5.6845997119193274,1,-754134884908525.4,-852026337515097.6,-746392328972544.9,-784184517132056.0,48075435430644.56,45,-11.34106143162023,-6.029231742907056,-11.591747439547811,-9.654013538025032,2.565150179529026,3
31,0.10695020357767741,0.02557809166227045,0.013532559076944986,0.00017367963920901145,1,1.5,0.7,0.1,10,100,15,3,2,"{'RmRedundant__redundant': 1, 'clipper__factor': 1.5, 'lightgbm__bagging_fraction': 0.7, 'lightgbm__learning_rate': 0.1, 'lightgbm__min_data_in_leaf': 10, 'lightgbm__n_estimators': 100, 'lightgbm__num_leaves': 15, 'poly__polynom__degree': 3, 'poly__quad__degree': 2}",-19.50944397332138,-11.166018257898816,-24.66987888262927,-18.448447037949823,5.5637426741170835,13,-663110300855279.9,-839639269446579.6,-768230499052237.1,-756993356451365.5,72504364090957.84,39,-11.865206604620822,-6.083477731151078,-11.60059643814709,-9.849760257972997,2.665353971355823,19
32,0.1843229134877523,0.023405008435317457,0.018199602762858074,0.0010520679242011046,1,1.5,0.7,0.1,10,100,100,1,1,"{'RmRedundant__redundant': 1, 'clipper__factor': 1.5, 'lightgbm__bagging_fraction': 0.7, 'lightgbm__learning_rate': 0.1, 'lightgbm__min_data_in_leaf': 10, 'lightgbm__n_estimators': 100, 'lightgbm__num_leaves': 100, 'poly__polynom__degree': 1, 'poly__quad__degree': 1}",-20.095114643734973,-11.521030885974309,-25.876620274506912,-19.164255268072065,5.8974916168363265,41,-477887661467862.94,-731715059839677.6,-646346609750852.5,-618649777019464.4,105459069306734.19,1,-11.779486410853048,-6.214414841366821,-12.10953289815668,-10.034478050125516,2.7045510853780272,35
33,0.3274388313293457,0.16228146889722492,0.021580219268798828,0.0026386075375702733,1,1.5,0.7,0.1,10,100,100,1,2,"{'RmRedundant__redundant': 1, 'clipper__factor': 1.5, 'lightgbm__bagging_fraction': 0.7, 'lightgbm__learning_rate': 0.1, 'lightgbm__min_data_in_leaf': 10, 'lightgbm__n_estimators': 100, 'lightgbm__num_leaves': 100, 'poly__polynom__degree': 1, 'poly__quad__degree': 2}",-20.82971747669879,-11.676547975194772,-25.049701069034167,-19.185322173642575,5.582014740954592,45,-474275516655307.3,-892601853894263.4,-662061470776095.0,-676312947108555.2,171078070950431.3,9,-12.435730234538697,-6.42640490923221,-11.8579626534521,-10.240032599074334,2.7069381179956324,43
34,0.4252300262451172,0.23220924592322204,0.020606040954589844,0.0022495601003082225,1,1.5,0.7,0.1,10,100,100,3,1,"{'RmRedundant__redundant': 1, 'clipper__factor': 1.5, 'lightgbm__bagging_fraction': 0.7, 'lightgbm__learning_rate': 0.1, 'lightgbm__min_data_in_leaf': 10, 'lightgbm__n_estimators': 100, 'lightgbm__num_leaves': 100, 'poly__polynom__degree': 3, 'poly__quad__degree': 1}",-20.095114643734973,-11.521030885974309,-25.876620274506912,-19.164255268072065,5.8974916168363265,41,-477887661467862.94,-731715059839677.6,-646346609750852.5,-618649777019464.4,105459069306734.19,1,-11.779486410853048,-6.214414841366821,-12.10953289815668,-10.034478050125516,2.7045510853780272,35
35,0.4132223129272461,0.14398689947576318,0.024699290593465168,0.007026948345739286,1,1.5,0.7,0.1,10,100,100,3,2,"{'RmRedundant__redundant': 1, 'clipper__factor': 1.5, 'lightgbm__bagging_fraction': 0.7, 'lightgbm__learning_rate': 0.1, 'lightgbm__min_data_in_leaf': 10, 'lightgbm__n_estimators': 100, 'lightgbm__num_leaves': 100, 'poly__polynom__degree': 3, 'poly__quad__degree': 2}",-20.82971747669879,-11.676547975194772,-25.049701069034167,-19.185322173642575,5.582014740954592,45,-474275516655307.3,-892601853894263.4,-662061470776095.0,-676312947108555.2,171078070950431.3,9,-12.435730234538697,-6.42640490923221,-11.8579626534521,-10.240032599074334,2.7069381179956324,43
36,0.2141857147216797,0.09387873280923707,0.02005592981974284,0.0015397595987711298,1,1.5,0.7,0.1,10,200,10,1,1,"{'RmRedundant__redundant': 1, 'clipper__factor': 1.5, 'lightgbm__bagging_fraction': 0.7, 'lightgbm__learning_rate': 0.1, 'lightgbm__min_data_in_leaf': 10, 'lightgbm__n_estimators': 200, 'lightgbm__num_leaves': 10, 'poly__polynom__degree': 1, 'poly__quad__degree': 1}",-19.02962254720411,-10.967891931327998,-25.061784585416707,-18.353099687982937,5.7736594357784625,7,-861490221177698.9,-809998925077852.6,-679424897121570.0,-783638014459040.5,76629492853189.61,43,-11.692471971935028,-5.966052597464211,-11.599276838396703,-9.752600469265316,2.67776398291683,11
37,0.15572921435038248,0.021051374015156225,0.01773532231648763,0.002975985644395318,1,1.5,0.7,0.1,10,200,10,1,2,"{'RmRedundant__redundant': 1, 'clipper__factor': 1.5, 'lightgbm__bagging_fraction': 0.7, 'lightgbm__learning_rate': 0.1, 'lightgbm__min_data_in_leaf': 10, 'lightgbm__n_estimators': 200, 'lightgbm__num_leaves': 10, 'poly__polynom__degree': 1, 'poly__quad__degree': 2}",-19.866804421507368,-11.143365600120054,-24.818537198462966,-18.609569073363463,5.653203227757873,27,-526835747766507.9,-798316239231387.4,-756886630838020.6,-694012872611972.0,119415929748655.8,15,-12.183263154895682,-6.174252949551265,-11.610102805558467,-9.989206303335138,2.7077087503611126,33
38,0.13759581247965494,0.04425064414726431,0.02277406056722005,0.007990896617018574,1,1.5,0.7,0.1,10,200,10,3,1,"{'RmRedundant__redundant': 1, 'clipper__factor': 1.5, 'lightgbm__bagging_fraction': 0.7, 'lightgbm__learning_rate': 0.1, 'lightgbm__min_data_in_leaf': 10, 'lightgbm__n_estimators': 200, 'lightgbm__num_leaves': 10, 'poly__polynom__degree': 3, 'poly__quad__degree': 1}",-19.02962254720411,-10.967891931327998,-25.061784585416707,-18.353099687982937,5.7736594357784625,7,-861490221177698.9,-809998925077852.6,-679424897121570.0,-783638014459040.5,76629492853189.61,43,-11.692471971935028,-5.966052597464211,-11.599276838396703,-9.752600469265316,2.67776398291683,11
39,0.23268596331278482,0.02292728763349496,0.019933064778645832,0.002862470779272647,1,1.5,0.7,0.1,10,200,10,3,2,"{'RmRedundant__redundant': 1, 'clipper__factor': 1.5, 'lightgbm__bagging_fraction': 0.7, 'lightgbm__learning_rate': 0.1, 'lightgbm__min_data_in_leaf': 10, 'lightgbm__n_estimators': 200, 'lightgbm__num_leaves': 10, 'poly__polynom__degree': 3, 'poly__quad__degree': 2}",-19.866804421507368,-11.143365600120054,-24.818537198462966,-18.609569073363463,5.653203227757873,27,-526835747766507.9,-798316239231387.4,-756886630838020.6,-694012872611972.0,119415929748655.8,15,-12.183263154895682,-6.174252949551265,-11.610102805558467,-9.989206303335138,2.7077087503611126,33
40,0.1968547503153483,0.05189966227111517,0.02774675687154134,0.009123002155454014,1,1.5,0.7,0.1,10,200,15,1,1,"{'RmRedundant__redundant': 1, 'clipper__factor': 1.5, 'lightgbm__bagging_fraction': 0.7, 'lightgbm__learning_rate': 0.1, 'lightgbm__min_data_in_leaf': 10, 'lightgbm__n_estimators': 200, 'lightgbm__num_leaves': 15, 'poly__polynom__degree': 1, 'poly__quad__degree': 1}",-18.922065504186193,-11.149211428331228,-24.75961086239809,-18.276962598305172,5.575115036666299,3,-845870952834893.2,-714137854230334.1,-663052732176948.5,-741020513080725.4,77017891693138.98,33,-11.653661155492706,-5.974368064651374,-11.48060549680376,-9.702878238982613,2.637401265806898,7
41,0.2952171166737874,0.17330459736215087,0.021341323852539062,0.0028757709493684894,1,1.5,0.7,0.1,10,200,15,1,2,"{'RmRedundant__redundant': 1, 'clipper__factor': 1.5, 'lightgbm__bagging_fraction': 0.7, 'lightgbm__learning_rate': 0.1, 'lightgbm__min_data_in_leaf': 10, 'lightgbm__n_estimators': 200, 'lightgbm__num_leaves': 15, 'poly__polynom__degree': 1, 'poly__quad__degree': 2}",-19.679684447178403,-11.334503759288216,-24.808027372994005,-18.607405193153543,5.552554771828367,25,-715141703434833.0,-729994260911965.8,-689431944322279.0,-711522636223025.9,16756065914431.846,23,-12.07150419961234,-6.162973086915417,-11.591316344023516,-9.941931210183759,2.679308177773457,27
42,0.12447039286295573,0.02896978626732047,0.01917266845703125,0.0023967062815235885,1,1.5,0.7,0.1,10,200,15,3,1,"{'RmRedundant__redundant': 1, 'clipper__factor': 1.5, 'lightgbm__bagging_fraction': 0.7, 'lightgbm__learning_rate': 0.1, 'lightgbm__min_data_in_leaf': 10, 'lightgbm__n_estimators': 200, 'lightgbm__num_leaves': 15, 'poly__polynom__degree': 3, 'poly__quad__degree': 1}",-18.922065504186193,-11.149211428331228,-24.75961086239809,-18.276962598305172,5.575115036666299,3,-845870952834893.2,-714137854230334.1,-663052732176948.5,-741020513080725.4,77017891693138.98,33,-11.653661155492706,-5.974368064651374,-11.48060549680376,-9.702878238982613,2.637401265806898,7
43,0.15217669804890951,0.03859583112506817,0.0184481938680013,0.001658413693478188,1,1.5,0.7,0.1,10,200,15,3,2,"{'RmRedundant__redundant': 1, 'clipper__factor': 1.5, 'lightgbm__bagging_fraction': 0.7, 'lightgbm__learning_rate': 0.1, 'lightgbm__min_data_in_leaf': 10, 'lightgbm__n_estimators': 200, 'lightgbm__num_leaves': 15, 'poly__polynom__degree': 3, 'poly__quad__degree': 2}",-19.679684447178403,-11.334503759288216,-24.808027372994005,-18.607405193153543,5.552554771828367,25,-715141703434833.0,-729994260911965.8,-689431944322279.0,-711522636223025.9,16756065914431.846,23,-12.07150419961234,-6.162973086915417,-11.591316344023516,-9.941931210183759,2.679308177773457,27
44,0.3498576482137044,0.05756366026993484,0.03491671880086263,0.0017846626214187327,1,1.5,0.7,0.1,10,200,100,1,1,"{'RmRedundant__redundant': 1, 'clipper__factor': 1.5, 'lightgbm__bagging_fraction': 0.7, 'lightgbm__learning_rate': 0.1, 'lightgbm__min_data_in_leaf': 10, 'lightgbm__n_estimators': 200, 'lightgbm__num_leaves': 100, 'poly__polynom__degree': 1, 'poly__quad__degree': 1}",-20.13932252551978,-11.588640808888144,-25.80622467315371,-19.178062669187213,5.843967722812047,43,-505753348284834.8,-702532439464359.6,-649504983991554.1,-619263590580249.5,83132059952635.64,3,-11.83945072373199,-6.2858777891413045,-12.140733647809027,-10.088687386894108,2.6918040391350586,37
45,0.4951816399892171,0.08033612279227721,0.033124287923177086,0.0014926467049459066,1,1.5,0.7,0.1,10,200,100,1,2,"{'RmRedundant__redundant': 1, 'clipper__factor': 1.5, 'lightgbm__bagging_fraction': 0.7, 'lightgbm__learning_rate': 0.1, 'lightgbm__min_data_in_leaf': 10, 'lightgbm__n_estimators': 200, 'lightgbm__num_leaves': 100, 'poly__polynom__degree': 1, 'poly__quad__degree': 2}",-20.86862783357363,-11.756719670663953,-25.070173131785076,-19.23184021200755,5.557056538248971,47,-472894612339377.5,-937935862330846.9,-664969922206224.0,-691933465625482.9,190807259739068.94,13,-12.42677720312639,-6.514975249716046,-11.905606046195851,-10.282452833012762,2.67249201423023,45
46,0.4864472548166911,0.05771711878618815,0.03466033935546875,0.0041895278287859,1,1.5,0.7,0.1,10,200,100,3,1,"{'RmRedundant__redundant': 1, 'clipper__factor': 1.5, 'lightgbm__bagging_fraction': 0.7, 'lightgbm__learning_rate': 0.1, 'lightgbm__min_data_in_leaf': 10, 'lightgbm__n_estimators': 200, 'lightgbm__num_leaves': 100, 'poly__polynom__degree': 3, 'poly__quad__degree': 1}",-20.13932252551978,-11.588640808888144,-25.80622467315371,-19.178062669187213,5.843967722812047,43,-505753348284834.8,-702532439464359.6,-649504983991554.1,-619263590580249.5,83132059952635.64,3,-11.83945072373199,-6.2858777891413045,-12.140733647809027,-10.088687386894108,2.6918040391350586,37
47,0.4657401243845622,0.06191074327643316,0.0342260996500651,0.0009746639643646224,1,1.5,0.7,0.1,10,200,100,3,2,"{'RmRedundant__redundant': 1, 'clipper__factor': 1.5, 'lightgbm__bagging_fraction': 0.7, 'lightgbm__learning_rate': 0.1, 'lightgbm__min_data_in_leaf': 10, 'lightgbm__n_estimators': 200, 'lightgbm__num_leaves': 100, 'poly__polynom__degree': 3, 'poly__quad__degree': 2}",-20.86862783357363,-11.756719670663953,-25.070173131785076,-19.23184021200755,5.557056538248971,47,-472894612339377.5,-937935862330846.9,-664969922206224.0,-691933465625482.9,190807259739068.94,13,-12.42677720312639,-6.514975249716046,-11.905606046195851,-10.282452833012762,2.67249201423023,45
48,0.08085266749064128,0.008133979397814097,0.012550592422485352,0.00043214764517639996,0.7,1.5,0.7,0.1,,100,10,1,1,"{'RmRedundant__redundant': 0.7, 'clipper__factor': 1.5, 'lightgbm__bagging_fraction': 0.7, 'lightgbm__learning_rate': 0.1, 'lightgbm__min_data_in_leaf': None, 'lightgbm__n_estimators': 100, 'lightgbm__num_leaves': 10, 'poly__polynom__degree': 1, 'poly__quad__degree': 1}",-20.967567578098066,-18.74863629873394,-30.421926494545115,-23.379376790459037,5.061557320069735,51,-769554572440166.5,-1075424554529521.5,-1012702038729225.8,-952560388566304.6,131913797734416.9,81,-13.069667924082351,-10.088794444617212,-15.731708259940566,-12.96339020954671,2.3049353275449302,49
49,0.14926369984944662,0.043491641541985024,0.013480663299560547,0.0009974859130274364,0.7,1.5,0.7,0.1,,100,10,1,2,"{'RmRedundant__redundant': 0.7, 'clipper__factor': 1.5, 'lightgbm__bagging_fraction': 0.7, 'lightgbm__learning_rate': 0.1, 'lightgbm__min_data_in_leaf': None, 'lightgbm__n_estimators': 100, 'lightgbm__num_leaves': 10, 'poly__polynom__degree': 1, 'poly__quad__degree': 2}",-21.83394628571689,-20.035904815036893,-30.588389812397573,-24.15274697105045,4.60950918346036,79,-535453237632977.56,-1104048116571663.5,-1026350184050739.5,-888617179418460.1,251731099274075.03,59,-13.326751970722714,-10.616209828445998,-15.849283177951449,-13.264081659040054,2.1368528020277626,79
50,0.10311706860860188,0.03676463408848367,0.01268164316813151,0.0015105512960033015,0.7,1.5,0.7,0.1,,100,10,3,1,"{'RmRedundant__redundant': 0.7, 'clipper__factor': 1.5, 'lightgbm__bagging_fraction': 0.7, 'lightgbm__learning_rate': 0.1, 'lightgbm__min_data_in_leaf': None, 'lightgbm__n_estimators': 100, 'lightgbm__num_leaves': 10, 'poly__polynom__degree': 3, 'poly__quad__degree': 1}",-20.967567578098066,-18.74863629873394,-30.421926494545115,-23.379376790459037,5.061557320069735,51,-769554572440166.5,-1075424554529521.5,-1012702038729225.8,-952560388566304.6,131913797734416.9,81,-13.069667924082351,-10.088794444617212,-15.731708259940566,-12.96339020954671,2.3049353275449302,49
51,0.32912468910217285,0.2613322675246625,0.015128294626871744,0.0011168701365863308,0.7,1.5,0.7,0.1,,100,10,3,2,"{'RmRedundant__redundant': 0.7, 'clipper__factor': 1.5, 'lightgbm__bagging_fraction': 0.7, 'lightgbm__learning_rate': 0.1, 'lightgbm__min_data_in_leaf': None, 'lightgbm__n_estimators': 100, 'lightgbm__num_leaves': 10, 'poly__polynom__degree': 3, 'poly__quad__degree': 2}",-21.83394628571689,-20.035904815036893,-30.588389812397573,-24.15274697105045,4.60950918346036,79,-535453237632977.56,-1104048116571663.5,-1026350184050739.5,-888617179418460.1,251731099274075.03,59,-13.326751970722714,-10.616209828445998,-15.849283177951449,-13.264081659040054,2.1368528020277626,79
52,0.11961476008097331,0.01463629755537491,0.01695402463277181,0.0031762486963701946,0.7,1.5,0.7,0.1,,100,15,1,1,"{'RmRedundant__redundant': 0.7, 'clipper__factor': 1.5, 'lightgbm__bagging_fraction': 0.7, 'lightgbm__learning_rate': 0.1, 'lightgbm__min_data_in_leaf': None, 'lightgbm__n_estimators': 100, 'lightgbm__num_leaves': 15, 'poly__polynom__degree': 1, 'poly__quad__degree': 1}",-21.0892102211675,-19.981076798486026,-30.431625938940627,-23.83397098619805,4.687129759757203,65,-894123573736045.6,-1054057658970077.5,-984263519719151.8,-977481584141758.4,65468689170440.25,91,-13.088322885778593,-10.507115124830545,-15.61889479038829,-13.071444266999142,2.0869094379219146,55
53,0.36975860595703125,0.3119805254469806,0.01700766881306966,0.0020949109461576255,0.7,1.5,0.7,0.1,,100,15,1,2,"{'RmRedundant__redundant': 0.7, 'clipper__factor': 1.5, 'lightgbm__bagging_fraction': 0.7, 'lightgbm__learning_rate': 0.1, 'lightgbm__min_data_in_leaf': None, 'lightgbm__n_estimators': 100, 'lightgbm__num_leaves': 15, 'poly__polynom__degree': 1, 'poly__quad__degree': 2}",-21.76114013899405,-19.66504311676555,-30.181721447394374,-23.869301567717987,4.544842442054436,69,-660149098136667.0,-1068102402013517.8,-983473338589171.1,-903908279579785.4,175792346244813.94,65,-13.288610420924176,-10.389235460161643,-15.54689433760853,-13.07491340623145,2.111020461702998,57
54,0.19922717412312826,0.05757873679069141,0.04580871264139811,0.041122834802884534,0.7,1.5,0.7,0.1,,100,15,3,1,"{'RmRedundant__redundant': 0.7, 'clipper__factor': 1.5, 'lightgbm__bagging_fraction': 0.7, 'lightgbm__learning_rate': 0.1, 'lightgbm__min_data_in_leaf': None, 'lightgbm__n_estimators': 100, 'lightgbm__num_leaves': 15, 'poly__polynom__degree': 3, 'poly__quad__degree': 1}",-21.0892102211675,-19.981076798486026,-30.431625938940627,-23.83397098619805,4.687129759757203,65,-894123573736045.6,-1054057658970077.5,-984263519719151.8,-977481584141758.4,65468689170440.25,91,-13.088322885778593,-10.507115124830545,-15.61889479038829,-13.071444266999142,2.0869094379219146,55
55,0.1889629364013672,0.01563147954960445,0.01568301518758138,0.00033735217029446036,0.7,1.5,0.7,0.1,,100,15,3,2,"{'RmRedundant__redundant': 0.7, 'clipper__factor': 1.5, 'lightgbm__bagging_fraction': 0.7, 'lightgbm__learning_rate': 0.1, 'lightgbm__min_data_in_leaf': None, 'lightgbm__n_estimators': 100, 'lightgbm__num_leaves': 15, 'poly__polynom__degree': 3, 'poly__quad__degree': 2}",-21.76114013899405,-19.66504311676555,-30.181721447394374,-23.869301567717987,4.544842442054436,69,-660149098136667.0,-1068102402013517.8,-983473338589171.1,-903908279579785.4,175792346244813.94,65,-13.288610420924176,-10.389235460161643,-15.54689433760853,-13.07491340623145,2.111020461702998,57
56,0.2005773385365804,0.027869005305219234,0.020800987879435223,0.0019384912972704076,0.7,1.5,0.7,0.1,,100,100,1,1,"{'RmRedundant__redundant': 0.7, 'clipper__factor': 1.5, 'lightgbm__bagging_fraction': 0.7, 'lightgbm__learning_rate': 0.1, 'lightgbm__min_data_in_leaf': None, 'lightgbm__n_estimators': 100, 'lightgbm__num_leaves': 100, 'poly__polynom__degree': 1, 'poly__quad__degree': 1}",-21.166163724328452,-20.882975368637148,-31.270529791681312,-24.43988962821564,4.83137542136554,83,-963381288254904.9,-1017856233084157.8,-768227666706304.8,-916488396015122.4,107169065172509.62,69,-13.426048639910373,-10.788913872509978,-15.855109803644122,-13.356690772021489,2.068847213391814,89
57,0.2569109598795573,0.023932413983999444,0.021181344985961914,0.001748774561251962,0.7,1.5,0.7,0.1,,100,100,1,2,"{'RmRedundant__redundant': 0.7, 'clipper__factor': 1.5, 'lightgbm__bagging_fraction': 0.7, 'lightgbm__learning_rate': 0.1, 'lightgbm__min_data_in_leaf': None, 'lightgbm__n_estimators': 100, 'lightgbm__num_leaves': 100, 'poly__polynom__degree': 1, 'poly__quad__degree': 2}",-22.329855107534858,-20.12168327346274,-30.57851997619369,-24.343352785730428,4.50014726662506,81,-994679832090454.6,-1060646091305627.2,-857932950888946.6,-971086291428342.9,84422136493257.34,85,-13.884642387938435,-10.476038322547154,-15.644262879783058,-13.334981196756216,2.145418659581847,87
58,0.19970830281575522,0.016667712256993098,0.0199124018351237,0.0006172751812783793,0.7,1.5,0.7,0.1,,100,100,3,1,"{'RmRedundant__redundant': 0.7, 'clipper__factor': 1.5, 'lightgbm__bagging_fraction': 0.7, 'lightgbm__learning_rate': 0.1, 'lightgbm__min_data_in_leaf': None, 'lightgbm__n_estimators': 100, 'lightgbm__num_leaves': 100, 'poly__polynom__degree': 3, 'poly__quad__degree': 1}",-21.166163724328452,-20.882975368637148,-31.270529791681312,-24.43988962821564,4.83137542136554,83,-963381288254904.9,-1017856233084157.8,-768227666706304.8,-916488396015122.4,107169065172509.62,69,-13.426048639910373,-10.788913872509978,-15.855109803644122,-13.356690772021489,2.068847213391814,89
59,0.25224916140238446,0.03237726873157414,0.01988379160563151,0.0010366504401495456,0.7,1.5,0.7,0.1,,100,100,3,2,"{'RmRedundant__redundant': 0.7, 'clipper__factor': 1.5, 'lightgbm__bagging_fraction': 0.7, 'lightgbm__learning_rate': 0.1, 'lightgbm__min_data_in_leaf': None, 'lightgbm__n_estimators': 100, 'lightgbm__num_leaves': 100, 'poly__polynom__degree': 3, 'poly__quad__degree': 2}",-22.329855107534858,-20.12168327346274,-30.57851997619369,-24.343352785730428,4.50014726662506,81,-994679832090454.6,-1060646091305627.2,-857932950888946.6,-971086291428342.9,84422136493257.34,85,-13.884642387938435,-10.476038322547154,-15.644262879783058,-13.334981196756216,2.145418659581847,87
60,0.10640867551167806,0.03999540349013971,0.01875162124633789,0.0021876749148027393,0.7,1.5,0.7,0.1,,200,10,1,1,"{'RmRedundant__redundant': 0.7, 'clipper__factor': 1.5, 'lightgbm__bagging_fraction': 0.7, 'lightgbm__learning_rate': 0.1, 'lightgbm__min_data_in_leaf': None, 'lightgbm__n_estimators': 200, 'lightgbm__num_leaves': 10, 'poly__polynom__degree': 1, 'poly__quad__degree': 1}",-21.105226437058473,-18.524071917042104,-30.4066896698667,-23.345329341322426,5.103116494274482,49,-864206787961117.0,-1035206366229620.2,-930575828682566.6,-943329660957768.0,70390383435426.12,74,-13.298822544186628,-9.98467883873863,-15.66886203143816,-12.98412113812114,2.3312031762270533,51
61,0.13520240783691406,0.017260971974381523,0.015625953674316406,0.0012454497311666709,0.7,1.5,0.7,0.1,,200,10,1,2,"{'RmRedundant__redundant': 0.7, 'clipper__factor': 1.5, 'lightgbm__bagging_fraction': 0.7, 'lightgbm__learning_rate': 0.1, 'lightgbm__min_data_in_leaf': None, 'lightgbm__n_estimators': 200, 'lightgbm__num_leaves': 10, 'poly__polynom__degree': 1, 'poly__quad__degree': 2}",-22.12187186993111,-19.86179052343115,-29.960313041936896,-23.981325145099717,4.327294314472063,77,-823463860586218.4,-1066412659222198.2,-970578751515005.2,-953485090441140.6,99917214487286.39,83,-13.85639404811243,-10.561284926217688,-15.473846577664105,-13.297175183998073,2.044155864621792,83
62,0.1452056566874186,0.05857194831531095,0.019246260325113933,0.003856941130190046,0.7,1.5,0.7,0.1,,200,10,3,1,"{'RmRedundant__redundant': 0.7, 'clipper__factor': 1.5, 'lightgbm__bagging_fraction': 0.7, 'lightgbm__learning_rate': 0.1, 'lightgbm__min_data_in_leaf': None, 'lightgbm__n_estimators': 200, 'lightgbm__num_leaves': 10, 'poly__polynom__degree': 3, 'poly__quad__degree': 1}",-21.105226437058473,-18.524071917042104,-30.4066896698667,-23.345329341322426,5.103116494274482,49,-864206787961117.0,-1035206366229620.1,-930575828682566.6,-943329660957767.9,70390383435426.06,73,-13.298822544186628,-9.98467883873863,-15.66886203143816,-12.98412113812114,2.3312031762270533,51
63,0.1423658529917399,0.024609543768047925,0.015509843826293945,0.0007164222688394151,0.7,1.5,0.7,0.1,,200,10,3,2,"{'RmRedundant__redundant': 0.7, 'clipper__factor': 1.5, 'lightgbm__bagging_fraction': 0.7, 'lightgbm__learning_rate': 0.1, 'lightgbm__min_data_in_leaf': None, 'lightgbm__n_estimators': 200, 'lightgbm__num_leaves': 10, 'poly__polynom__degree': 3, 'poly__quad__degree': 2}",-22.12187186993111,-19.86179052343115,-29.960313041936896,-23.981325145099717,4.327294314472063,77,-823463860586218.4,-1066412659222198.2,-970578751515005.2,-953485090441140.6,99917214487286.39,83,-13.85639404811243,-10.561284926217688,-15.473846577664105,-13.297175183998073,2.044155864621792,83
64,0.10192171732584636,0.014152817863363336,0.01697254180908203,0.0012920254697675194,0.7,1.5,0.7,0.1,,200,15,1,1,"{'RmRedundant__redundant': 0.7, 'clipper__factor': 1.5, 'lightgbm__bagging_fraction': 0.7, 'lightgbm__learning_rate': 0.1, 'lightgbm__min_data_in_leaf': None, 'lightgbm__n_estimators': 200, 'lightgbm__num_leaves': 15, 'poly__polynom__degree': 1, 'poly__quad__degree': 1}",-21.268117179093593,-19.63539687281632,-30.413753914964236,-23.772422655624712,4.743198960746691,63,-968402801848316.8,-961902216220257.8,-884088820620986.8,-938131279563187.0,38305830102535.63,71,-13.442822163590591,-10.41276019011079,-15.53301873613956,-13.129533696613647,2.1020425213270917,63
65,0.1808172067006429,0.029594850247106227,0.020356098810831707,0.003398366525853573,0.7,1.5,0.7,0.1,,200,15,1,2,"{'RmRedundant__redundant': 0.7, 'clipper__factor': 1.5, 'lightgbm__bagging_fraction': 0.7, 'lightgbm__learning_rate': 0.1, 'lightgbm__min_data_in_leaf': None, 'lightgbm__n_estimators': 200, 'lightgbm__num_leaves': 15, 'poly__polynom__degree': 1, 'poly__quad__degree': 2}",-22.238002044470257,-19.465028402360115,-29.909364371081207,-23.87079827263719,4.417431840554526,71,-642457678807602.1,-1006329678326244.8,-954627574611043.5,-867804977248296.9,160736493612027.4,55,-13.705592689868094,-10.380920399162648,-15.342696698948082,-13.143069929326273,2.064320696076363,67
66,0.13673853874206543,0.05476698232974419,0.017797470092773438,0.001397359244351036,0.7,1.5,0.7,0.1,,200,15,3,1,"{'RmRedundant__redundant': 0.7, 'clipper__factor': 1.5, 'lightgbm__bagging_fraction': 0.7, 'lightgbm__learning_rate': 0.1, 'lightgbm__min_data_in_leaf': None, 'lightgbm__n_estimators': 200, 'lightgbm__num_leaves': 15, 'poly__polynom__degree': 3, 'poly__quad__degree': 1}",-21.268117179093593,-19.63539687281632,-30.413753914964236,-23.772422655624712,4.743198960746691,63,-968402801848316.8,-961902216220257.8,-884088820620986.8,-938131279563187.0,38305830102535.63,71,-13.442822163590591,-10.41276019011079,-15.53301873613956,-13.129533696613647,2.1020425213270917,63
67,0.15717601776123047,0.029388630988296083,0.01813824971516927,0.0024064246303901874,0.7,1.5,0.7,0.1,,200,15,3,2,"{'RmRedundant__redundant': 0.7, 'clipper__factor': 1.5, 'lightgbm__bagging_fraction': 0.7, 'lightgbm__learning_rate': 0.1, 'lightgbm__min_data_in_leaf': None, 'lightgbm__n_estimators': 200, 'lightgbm__num_leaves': 15, 'poly__polynom__degree': 3, 'poly__quad__degree': 2}",-22.238002044470257,-19.465028402360115,-29.909364371081207,-23.87079827263719,4.417431840554526,71,-642457678807602.1,-1006329678326244.8,-954627574611043.5,-867804977248296.9,160736493612027.4,55,-13.705592689868094,-10.380920399162648,-15.342696698948082,-13.143069929326273,2.064320696076363,67
68,0.42705726623535156,0.10661548876499494,0.036714394887288414,0.0037065846841139384,0.7,1.5,0.7,0.1,,200,100,1,1,"{'RmRedundant__redundant': 0.7, 'clipper__factor': 1.5, 'lightgbm__bagging_fraction': 0.7, 'lightgbm__learning_rate': 0.1, 'lightgbm__min_data_in_leaf': None, 'lightgbm__n_estimators': 200, 'lightgbm__num_leaves': 100, 'poly__polynom__degree': 1, 'poly__quad__degree': 1}",-21.315971564603576,-20.776512803733866,-31.367149665354354,-24.486544677897268,4.870304417845925,85,-940116475641941.4,-1011299019727933.5,-747998242260643.4,-899804579210172.9,111207348675538.19,61,-13.54401094783626,-10.813541466815254,-15.926880462349397,-13.428144292333636,2.0891190698801814,93
69,0.361374298731486,0.02867386522348131,0.03388365109761556,0.0050215747706845015,0.7,1.5,0.7,0.1,,200,100,1,2,"{'RmRedundant__redundant': 0.7, 'clipper__factor': 1.5, 'lightgbm__bagging_fraction': 0.7, 'lightgbm__learning_rate': 0.1, 'lightgbm__min_data_in_leaf': None, 'lightgbm__n_estimators': 200, 'lightgbm__num_leaves': 100, 'poly__polynom__degree': 1, 'poly__quad__degree': 2}",-22.651356149830235,-20.185753423625364,-30.690072075940382,-24.50906054979866,4.485047514842314,87,-1034502606188022.5,-1028087588923125.4,-865033737020624.1,-975874644043924.0,78420099948665.75,89,-14.161063674555434,-10.537760985091294,-15.727028933979556,-13.475284531208763,2.1732993713747337,95
70,0.3645640214284261,0.02353174834234599,0.03577256202697754,0.0027570963440898366,0.7,1.5,0.7,0.1,,200,100,3,1,"{'RmRedundant__redundant': 0.7, 'clipper__factor': 1.5, 'lightgbm__bagging_fraction': 0.7, 'lightgbm__learning_rate': 0.1, 'lightgbm__min_data_in_leaf': None, 'lightgbm__n_estimators': 200, 'lightgbm__num_leaves': 100, 'poly__polynom__degree': 3, 'poly__quad__degree': 1}",-21.315971564603576,-20.776512803733866,-31.367149665354354,-24.486544677897268,4.870304417845925,85,-940116475641941.4,-1011299019727933.5,-747998242260643.4,-899804579210172.9,111207348675538.19,61,-13.54401094783626,-10.813541466815254,-15.926880462349397,-13.428144292333636,2.0891190698801814,93
71,0.40796804428100586,0.04085303773722992,0.03702934583028158,0.0053214647091107126,0.7,1.5,0.7,0.1,,200,100,3,2,"{'RmRedundant__redundant': 0.7, 'clipper__factor': 1.5, 'lightgbm__bagging_fraction': 0.7, 'lightgbm__learning_rate': 0.1, 'lightgbm__min_data_in_leaf': None, 'lightgbm__n_estimators': 200, 'lightgbm__num_leaves': 100, 'poly__polynom__degree': 3, 'poly__quad__degree': 2}",-22.651356149830235,-20.185753423625364,-30.690072075940382,-24.50906054979866,4.485047514842314,87,-1034502606188022.5,-1028087588923125.4,-865033737020624.1,-975874644043924.0,78420099948665.75,89,-14.161063674555434,-10.537760985091294,-15.727028933979556,-13.475284531208763,2.1732993713747337,95
72,0.07351104418436687,0.009867219065317559,0.012407541275024414,0.0007258801549600194,0.7,1.5,0.7,0.1,10,100,10,1,1,"{'RmRedundant__redundant': 0.7, 'clipper__factor': 1.5, 'lightgbm__bagging_fraction': 0.7, 'lightgbm__learning_rate': 0.1, 'lightgbm__min_data_in_leaf': 10, 'lightgbm__n_estimators': 100, 'lightgbm__num_leaves': 10, 'poly__polynom__degree': 1, 'poly__quad__degree': 1}",-20.775044127800903,-19.904784925029674,-30.426050025774114,-23.70195969286823,4.767905261489632,57,-1055920877906729.1,-1124027950660566.5,-1039832118997325.2,-1073260315854873.6,36494078045936.71,93,-13.087247648745041,-10.573725712326018,-15.72946693501205,-13.130146765361035,2.10504111432229,65
73,0.12370959917704265,0.01961719761246026,0.012127319971720377,0.0006835949577617005,0.7,1.5,0.7,0.1,10,100,10,1,2,"{'RmRedundant__redundant': 0.7, 'clipper__factor': 1.5, 'lightgbm__bagging_fraction': 0.7, 'lightgbm__learning_rate': 0.1, 'lightgbm__min_data_in_leaf': 10, 'lightgbm__n_estimators': 100, 'lightgbm__num_leaves': 10, 'poly__polynom__degree': 1, 'poly__quad__degree': 2}",-21.69033372333608,-19.626906086640723,-30.317706327651585,-23.878315379209464,4.630604729631491,73,-587438973978013.2,-1073105146798845.4,-1064769355828851.5,-908437825535236.6,227005974045568.75,67,-13.367492154821115,-10.390003024071708,-15.779909970224557,-13.179135049705794,2.2044474774619074,71
74,0.07996241251627605,0.013262193777184553,0.011967658996582031,0.0006639964133943543,0.7,1.5,0.7,0.1,10,100,10,3,1,"{'RmRedundant__redundant': 0.7, 'clipper__factor': 1.5, 'lightgbm__bagging_fraction': 0.7, 'lightgbm__learning_rate': 0.1, 'lightgbm__min_data_in_leaf': 10, 'lightgbm__n_estimators': 100, 'lightgbm__num_leaves': 10, 'poly__polynom__degree': 3, 'poly__quad__degree': 1}",-20.775044127800903,-19.904784925029674,-30.426050025774114,-23.70195969286823,4.767905261489632,57,-1055920877906729.1,-1124027950660566.5,-1039832118997325.2,-1073260315854873.6,36494078045936.71,93,-13.087247648745041,-10.573725712326018,-15.72946693501205,-13.130146765361035,2.10504111432229,65
75,0.12230960528055827,0.023574627311595903,0.012227455774943033,0.000833046850945197,0.7,1.5,0.7,0.1,10,100,10,3,2,"{'RmRedundant__redundant': 0.7, 'clipper__factor': 1.5, 'lightgbm__bagging_fraction': 0.7, 'lightgbm__learning_rate': 0.1, 'lightgbm__min_data_in_leaf': 10, 'lightgbm__n_estimators': 100, 'lightgbm__num_leaves': 10, 'poly__polynom__degree': 3, 'poly__quad__degree': 2}",-21.69033372333608,-19.626906086640723,-30.317706327651585,-23.878315379209464,4.630604729631491,73,-587438973978013.2,-1073105146798845.4,-1064769355828851.5,-908437825535236.6,227005974045568.75,67,-13.367492154821115,-10.390003024071708,-15.779909970224557,-13.179135049705794,2.2044474774619074,71
76,0.07593226432800293,0.015323968976087236,0.012704054514567057,0.0006902969956623167,0.7,1.5,0.7,0.1,10,100,15,1,1,"{'RmRedundant__redundant': 0.7, 'clipper__factor': 1.5, 'lightgbm__bagging_fraction': 0.7, 'lightgbm__learning_rate': 0.1, 'lightgbm__min_data_in_leaf': 10, 'lightgbm__n_estimators': 100, 'lightgbm__num_leaves': 15, 'poly__polynom__degree': 1, 'poly__quad__degree': 1}",-21.130391167941433,-19.93382078666084,-30.537144819569118,-23.867118924723798,4.74165085511856,67,-799103087491743.0,-1063541015794958.0,-991490800999388.6,-951378301428696.5,111620230984891.05,79,-13.066934417317261,-10.406196052462725,-15.617857289688514,-13.030329253156168,2.1278092280454257,53
77,0.16233174006144205,0.0730337668042007,0.012853066126505533,0.0008823425134566361,0.7,1.5,0.7,0.1,10,100,15,1,2,"{'RmRedundant__redundant': 0.7, 'clipper__factor': 1.5, 'lightgbm__bagging_fraction': 0.7, 'lightgbm__learning_rate': 0.1, 'lightgbm__min_data_in_leaf': 10, 'lightgbm__n_estimators': 100, 'lightgbm__num_leaves': 15, 'poly__polynom__degree': 1, 'poly__quad__degree': 2}",-22.182022081811606,-19.06463096792256,-30.008055148813586,-23.751569399515915,4.603422081279114,59,-847756141885495.1,-1067775690716394.0,-931636191226123.1,-949056007942670.6,90663252304950.45,77,-13.62627556265688,-10.186655035107382,-15.481383884727851,-13.098104827497371,2.1935909132227347,59
78,0.0822766621907552,0.013147074910651266,0.0119016965230306,0.000545492689481239,0.7,1.5,0.7,0.1,10,100,15,3,1,"{'RmRedundant__redundant': 0.7, 'clipper__factor': 1.5, 'lightgbm__bagging_fraction': 0.7, 'lightgbm__learning_rate': 0.1, 'lightgbm__min_data_in_leaf': 10, 'lightgbm__n_estimators': 100, 'lightgbm__num_leaves': 15, 'poly__polynom__degree': 3, 'poly__quad__degree': 1}",-21.130391167941433,-19.93382078666084,-30.537144819569118,-23.867118924723798,4.74165085511856,67,-799103087491743.0,-1063541015794958.0,-991490800999388.6,-951378301428696.5,111620230984891.05,79,-13.066934417317261,-10.406196052462725,-15.617857289688514,-13.030329253156168,2.1278092280454257,53
79,0.12331485748291016,0.020320712585892804,0.012185017267862955,0.0006931726058667048,0.7,1.5,0.7,0.1,10,100,15,3,2,"{'RmRedundant__redundant': 0.7, 'clipper__factor': 1.5, 'lightgbm__bagging_fraction': 0.7, 'lightgbm__learning_rate': 0.1, 'lightgbm__min_data_in_leaf': 10, 'lightgbm__n_estimators': 100, 'lightgbm__num_leaves': 15, 'poly__polynom__degree': 3, 'poly__quad__degree': 2}",-22.182022081811606,-19.06463096792256,-30.008055148813586,-23.751569399515915,4.603422081279114,59,-847756141885495.1,-1067775690716394.0,-931636191226123.1,-949056007942670.6,90663252304950.45,77,-13.62627556265688,-10.186655035107382,-15.481383884727851,-13.098104827497371,2.1935909132227347,59
80,0.16585230827331543,0.017968560247886466,0.017522414525349934,0.000805008492130947,0.7,1.5,0.7,0.1,10,100,100,1,1,"{'RmRedundant__redundant': 0.7, 'clipper__factor': 1.5, 'lightgbm__bagging_fraction': 0.7, 'lightgbm__learning_rate': 0.1, 'lightgbm__min_data_in_leaf': 10, 'lightgbm__n_estimators': 100, 'lightgbm__num_leaves': 100, 'poly__polynom__degree': 1, 'poly__quad__degree': 1}",-21.86827418298066,-21.898830318384427,-30.32088614195896,-24.695996881108016,3.977416901874878,91,-797246800979666.5,-1035573163302435.5,-777542439851315.8,-870120801377806.0,117268718510658.47,57,-13.347363112998988,-10.76163121318202,-15.465214567190452,-13.191402964457154,1.92339400851311,73
81,0.263430913289388,0.011967109504621156,0.021680037180582683,0.0015415046521435882,0.7,1.5,0.7,0.1,10,100,100,1,2,"{'RmRedundant__redundant': 0.7, 'clipper__factor': 1.5, 'lightgbm__bagging_fraction': 0.7, 'lightgbm__learning_rate': 0.1, 'lightgbm__min_data_in_leaf': 10, 'lightgbm__n_estimators': 100, 'lightgbm__num_leaves': 100, 'poly__polynom__degree': 1, 'poly__quad__degree': 2}",-22.410315075484306,-21.94847381177252,-30.46705745096965,-24.941948779408822,3.911388816659559,93,-506589283978294.3,-1070902178888371.0,-857648329698944.0,-811713264188536.4,232658237941451.94,51,-13.670911623554579,-10.784517027846805,-15.546694504604194,-13.33404105200186,1.958689173319329,85
82,0.2216350237528483,0.04258983708517918,0.01763296127319336,0.00090532255221273,0.7,1.5,0.7,0.1,10,100,100,3,1,"{'RmRedundant__redundant': 0.7, 'clipper__factor': 1.5, 'lightgbm__bagging_fraction': 0.7, 'lightgbm__learning_rate': 0.1, 'lightgbm__min_data_in_leaf': 10, 'lightgbm__n_estimators': 100, 'lightgbm__num_leaves': 100, 'poly__polynom__degree': 3, 'poly__quad__degree': 1}",-21.86827418298066,-21.898830318384427,-30.32088614195896,-24.695996881108016,3.977416901874878,91,-797246800979666.5,-1035573163302435.5,-777542439851315.8,-870120801377806.0,117268718510658.47,57,-13.347363112998988,-10.76163121318202,-15.465214567190452,-13.191402964457154,1.92339400851311,73
83,0.22384405136108398,0.03024667980734921,0.017726818720499676,0.0004092652121529314,0.7,1.5,0.7,0.1,10,100,100,3,2,"{'RmRedundant__redundant': 0.7, 'clipper__factor': 1.5, 'lightgbm__bagging_fraction': 0.7, 'lightgbm__learning_rate': 0.1, 'lightgbm__min_data_in_leaf': 10, 'lightgbm__n_estimators': 100, 'lightgbm__num_leaves': 100, 'poly__polynom__degree': 3, 'poly__quad__degree': 2}",-22.410315075484306,-21.94847381177252,-30.46705745096965,-24.941948779408822,3.911388816659559,93,-506589283978294.3,-1070902178888371.0,-857648329698944.0,-811713264188536.4,232658237941451.94,51,-13.670911623554579,-10.784517027846805,-15.546694504604194,-13.33404105200186,1.958689173319329,85
84,0.08255139986673991,0.01340526393522417,0.014193296432495117,0.0004820771001672107,0.7,1.5,0.7,0.1,10,200,10,1,1,"{'RmRedundant__redundant': 0.7, 'clipper__factor': 1.5, 'lightgbm__bagging_fraction': 0.7, 'lightgbm__learning_rate': 0.1, 'lightgbm__min_data_in_leaf': 10, 'lightgbm__n_estimators': 200, 'lightgbm__num_leaves': 10, 'poly__polynom__degree': 1, 'poly__quad__degree': 1}",-20.878702101899478,-19.658000273865646,-30.314466567633918,-23.61705631446635,4.761932822756384,53,-1265594178533330.2,-1061773974916384.8,-982940190430535.6,-1103436114626750.1,119094135488243.64,95,-13.566490106872335,-10.445474962724875,-15.615654463597531,-13.209206511064913,2.125782631359686,77
85,0.13297494252522787,0.024476912813539337,0.015841086705525715,0.001611218414444755,0.7,1.5,0.7,0.1,10,200,10,1,2,"{'RmRedundant__redundant': 0.7, 'clipper__factor': 1.5, 'lightgbm__bagging_fraction': 0.7, 'lightgbm__learning_rate': 0.1, 'lightgbm__min_data_in_leaf': 10, 'lightgbm__n_estimators': 200, 'lightgbm__num_leaves': 10, 'poly__polynom__degree': 1, 'poly__quad__degree': 2}",-22.323810622848207,-19.588183241362724,-29.393254855340764,-23.768416239850563,4.131183961071011,61,-894042531379051.0,-1031281015309997.2,-1000397324823971.4,-975240290504339.9,58783544464617.45,87,-14.122529997642946,-10.405831801383886,-15.333506357045167,-13.287289385357333,2.0966185938213835,81
86,0.09230295817057292,0.013997030021380152,0.014212687810262045,0.00038170848434478707,0.7,1.5,0.7,0.1,10,200,10,3,1,"{'RmRedundant__redundant': 0.7, 'clipper__factor': 1.5, 'lightgbm__bagging_fraction': 0.7, 'lightgbm__learning_rate': 0.1, 'lightgbm__min_data_in_leaf': 10, 'lightgbm__n_estimators': 200, 'lightgbm__num_leaves': 10, 'poly__polynom__degree': 3, 'poly__quad__degree': 1}",-20.878702101899478,-19.658000273865646,-30.314466567633918,-23.61705631446635,4.761932822756384,53,-1265594178533330.2,-1061773974916384.8,-982940190430535.6,-1103436114626750.1,119094135488243.64,95,-13.566490106872335,-10.445474962724875,-15.615654463597531,-13.209206511064913,2.125782631359686,77
87,0.1351151466369629,0.02092836226472226,0.01466226577758789,0.0005645750946289695,0.7,1.5,0.7,0.1,10,200,10,3,2,"{'RmRedundant__redundant': 0.7, 'clipper__factor': 1.5, 'lightgbm__bagging_fraction': 0.7, 'lightgbm__learning_rate': 0.1, 'lightgbm__min_data_in_leaf': 10, 'lightgbm__n_estimators': 200, 'lightgbm__num_leaves': 10, 'poly__polynom__degree': 3, 'poly__quad__degree': 2}",-22.323810622848207,-19.588183241362724,-29.393254855340764,-23.768416239850563,4.131183961071011,61,-894042531379051.0,-1031281015309997.2,-1000397324823971.4,-975240290504339.9,58783544464617.45,87,-14.122529997642946,-10.405831801383886,-15.333506357045167,-13.287289385357333,2.0966185938213835,81
88,0.0955352783203125,0.014752736200684857,0.015885114669799805,0.0005661545565520879,0.7,1.5,0.7,0.1,10,200,15,1,1,"{'RmRedundant__redundant': 0.7, 'clipper__factor': 1.5, 'lightgbm__bagging_fraction': 0.7, 'lightgbm__learning_rate': 0.1, 'lightgbm__min_data_in_leaf': 10, 'lightgbm__n_estimators': 200, 'lightgbm__num_leaves': 15, 'poly__polynom__degree': 1, 'poly__quad__degree': 1}",-21.303900775951707,-19.642989197069976,-30.772865171878323,-23.906585048300002,4.9023129826508685,75,-802807492190336.2,-994257197677183.4,-904387752546306.8,-900484147471275.4,78207740589562.62,63,-13.334134653348274,-10.30680492503425,-15.661733187745066,-13.10089092204253,2.1923527929813726,61
89,0.1414793332417806,0.020748699750484666,0.015822966893513996,0.0005028912449731795,0.7,1.5,0.7,0.1,10,200,15,1,2,"{'RmRedundant__redundant': 0.7, 'clipper__factor': 1.5, 'lightgbm__bagging_fraction': 0.7, 'lightgbm__learning_rate': 0.1, 'lightgbm__min_data_in_leaf': 10, 'lightgbm__n_estimators': 200, 'lightgbm__num_leaves': 15, 'poly__polynom__degree': 1, 'poly__quad__degree': 2}",-22.712070151029486,-18.82838085578241,-29.444790986933192,-23.661747331248364,4.385845116445374,55,-983164953426246.4,-989519486399096.9,-867317561096679.5,-946667333640674.4,56168703174238.336,75,-14.213910903358096,-10.131785304759413,-15.1877855096655,-13.177827239261005,2.1902642971810873,69
90,0.10309433937072754,0.015554358456915895,0.015695651372273762,0.0004268252095127804,0.7,1.5,0.7,0.1,10,200,15,3,1,"{'RmRedundant__redundant': 0.7, 'clipper__factor': 1.5, 'lightgbm__bagging_fraction': 0.7, 'lightgbm__learning_rate': 0.1, 'lightgbm__min_data_in_leaf': 10, 'lightgbm__n_estimators': 200, 'lightgbm__num_leaves': 15, 'poly__polynom__degree': 3, 'poly__quad__degree': 1}",-21.303900775951707,-19.642989197069976,-30.772865171878323,-23.906585048300002,4.9023129826508685,75,-802807492190336.2,-994257197677183.4,-904387752546306.8,-900484147471275.4,78207740589562.62,63,-13.334134653348274,-10.30680492503425,-15.661733187745066,-13.10089092204253,2.1923527929813726,61
91,0.15291126569112143,0.023896114409263834,0.015627304712931316,0.0008731510397263151,0.7,1.5,0.7,0.1,10,200,15,3,2,"{'RmRedundant__redundant': 0.7, 'clipper__factor': 1.5, 'lightgbm__bagging_fraction': 0.7, 'lightgbm__learning_rate': 0.1, 'lightgbm__min_data_in_leaf': 10, 'lightgbm__n_estimators': 200, 'lightgbm__num_leaves': 15, 'poly__polynom__degree': 3, 'poly__quad__degree': 2}",-22.712070151029486,-18.82838085578241,-29.444790986933192,-23.661747331248364,4.385845116445374,55,-983164953426246.4,-989519486399096.9,-867317561096679.5,-946667333640674.4,56168703174238.336,75,-14.213910903358096,-10.131785304759413,-15.1877855096655,-13.177827239261005,2.1902642971810873,69
92,0.29373860359191895,0.015573144160560942,0.029488086700439453,0.002255553705725678,0.7,1.5,0.7,0.1,10,200,100,1,1,"{'RmRedundant__redundant': 0.7, 'clipper__factor': 1.5, 'lightgbm__bagging_fraction': 0.7, 'lightgbm__learning_rate': 0.1, 'lightgbm__min_data_in_leaf': 10, 'lightgbm__n_estimators': 200, 'lightgbm__num_leaves': 100, 'poly__polynom__degree': 1, 'poly__quad__degree': 1}",-21.88523683170575,-21.725845095343935,-30.397848453978504,-24.66964346034273,4.050975254449269,89,-789207759053568.9,-1046635818754116.0,-753210119511808.1,-863017899106497.6,130666529315235.77,53,-13.384925217874164,-10.7288658420142,-15.513776528448291,-13.209189196112218,1.9573800399677677,75
93,0.33598526318868,0.03681565214755423,0.03052528699239095,0.0010266503772937078,0.7,1.5,0.7,0.1,10,200,100,1,2,"{'RmRedundant__redundant': 0.7, 'clipper__factor': 1.5, 'lightgbm__bagging_fraction': 0.7, 'lightgbm__learning_rate': 0.1, 'lightgbm__min_data_in_leaf': 10, 'lightgbm__n_estimators': 200, 'lightgbm__num_leaves': 100, 'poly__polynom__degree': 1, 'poly__quad__degree': 2}",-22.572203236166473,-21.874386383315276,-30.44587440468599,-24.96415467472258,3.8866159649437444,95,-504785331761541.8,-1034156466088593.2,-865990419127462.2,-801644072325865.6,220852573337525.72,47,-13.803573865908444,-10.808609295620409,-15.573193272596422,-13.395125478041757,1.966458353246145,91
94,0.2957152525583903,0.018237121913566082,0.029434919357299805,0.0021672734677220143,0.7,1.5,0.7,0.1,10,200,100,3,1,"{'RmRedundant__redundant': 0.7, 'clipper__factor': 1.5, 'lightgbm__bagging_fraction': 0.7, 'lightgbm__learning_rate': 0.1, 'lightgbm__min_data_in_leaf': 10, 'lightgbm__n_estimators': 200, 'lightgbm__num_leaves': 100, 'poly__polynom__degree': 3, 'poly__quad__degree': 1}",-21.88523683170575,-21.725845095343935,-30.397848453978504,-24.66964346034273,4.050975254449269,89,-789207759053568.9,-1046635818754116.0,-753210119511808.1,-863017899106497.6,130666529315235.77,53,-13.384925217874164,-10.7288658420142,-15.513776528448291,-13.209189196112218,1.9573800399677677,75
95,0.3638235727945964,0.04120606481009803,0.030281941095987957,0.0005003825828962957,0.7,1.5,0.7,0.1,10,200,100,3,2,"{'RmRedundant__redundant': 0.7, 'clipper__factor': 1.5, 'lightgbm__bagging_fraction': 0.7, 'lightgbm__learning_rate': 0.1, 'lightgbm__min_data_in_leaf': 10, 'lightgbm__n_estimators': 200, 'lightgbm__num_leaves': 100, 'poly__polynom__degree': 3, 'poly__quad__degree': 2}",-22.572203236166473,-21.874386383315276,-30.44587440468599,-24.96415467472258,3.8866159649437444,95,-504785331761541.8,-1034156466088593.2,-865990419127462.2,-801644072325865.6,220852573337525.72,47,-13.803573865908444,-10.808609295620409,-15.573193272596422,-13.395125478041757,1.966458353246145,91
